<?xml version="1.0" encoding="UTF-8"?>
<project-private xmlns="http://www.netbeans.org/ns/project-private/1">
    <editor-bookmarks xmlns="http://www.netbeans.org/ns/editor-bookmarks/2" lastBookmarkId="0"/>
    <open-files xmlns="http://www.netbeans.org/ns/projectui-open-files/2">
        <group>
            <file>file:/C:/xampp/htdocs/PhpAssignment/Asn2/application/views/admin.php</file>
            <file>file:/C:/xampp/htdocs/PhpAssignment/Asn2/application/views/editlist.php</file>
            <file>file:/C:/xampp/htdocs/PhpAssignment/Asn2/application/models/attractions.php</file>
            <file>file:/C:/xampp/htdocs/PhpAssignment/Asn2/application/views/edit2.php</file>
            <file>file:/C:/xampp/htdocs/PhpAssignment/Asn2/application/core/MY_Model.php</file>
            <file>file:/C:/xampp/htdocs/PhpAssignment/Asn2/application/controllers/admin.php</file>
        </group>
    </open-files>
</project-private>
